Confirmed,Deaths,Recovered,Active,New cases,New deaths,New recovered,Deaths / 100 Cases,Recovered / 100 Cases,Deaths / 100 Recovered,No. of countries,Date
555.00 ,17.00 ,28.00 ,510.00 ,0.00 ,0.00 ,0.00 ,3.06 ,5.05 ,60.71 ,6.00 ,1/22/2020
654.00 ,18.00 ,30.00 ,606.00 ,99.00 ,1.00 ,2.00 ,2.75 ,4.59 ,60.00 ,8.00 ,1/23/2020
941.00 ,26.00 ,36.00 ,879.00 ,287.00 ,8.00 ,6.00 ,2.76 ,3.83 ,72.22 ,9.00 ,1/24/2020
1434.00 ,42.00 ,39.00 ,1353.00 ,493.00 ,16.00 ,3.00 ,2.93 ,2.72 ,107.69 ,11.00 ,1/25/2020
2118.00 ,56.00 ,52.00 ,2010.00 ,684.00 ,14.00 ,13.00 ,2.64 ,2.46 ,107.69 ,13.00 ,1/26/2020
2927.00 ,82.00 ,61.00 ,2784.00 ,809.00 ,26.00 ,9.00 ,2.80 ,2.08 ,134.43 ,16.00 ,1/27/2020
5578.00 ,131.00 ,107.00 ,5340.00 ,2651.00 ,49.00 ,46.00 ,2.35 ,1.92 ,122.43 ,16.00 ,1/28/2020
6166.00 ,133.00 ,125.00 ,5908.00 ,588.00 ,2.00 ,18.00 ,2.16 ,2.03 ,106.40 ,18.00 ,1/29/2020
8234.00 ,171.00 ,141.00 ,7922.00 ,2068.00 ,38.00 ,16.00 ,2.08 ,1.71 ,121.28 ,20.00 ,1/30/2020
9927.00 ,213.00 ,219.00 ,9495.00 ,1693.00 ,42.00 ,78.00 ,2.15 ,2.21 ,97.26 ,24.00 ,1/31/2020
12038.00 ,259.00 ,281.00 ,11498.00 ,2111.00 ,46.00 ,62.00 ,2.15 ,2.33 ,92.17 ,25.00 ,2/1/2020
16787.00 ,362.00 ,459.00 ,15966.00 ,4749.00 ,103.00 ,178.00 ,2.16 ,2.73 ,78.87 ,25.00 ,2/2/2020
19887.00 ,426.00 ,604.00 ,18857.00 ,3100.00 ,64.00 ,145.00 ,2.14 ,3.04 ,70.53 ,25.00 ,2/3/2020
23898.00 ,492.00 ,821.00 ,22585.00 ,4011.00 ,66.00 ,217.00 ,2.06 ,3.44 ,59.93 ,26.00 ,2/4/2020
27643.00 ,564.00 ,1071.00 ,26008.00 ,3745.00 ,72.00 ,250.00 ,2.04 ,3.87 ,52.66 ,26.00 ,2/5/2020
30802.00 ,634.00 ,1418.00 ,28750.00 ,3159.00 ,70.00 ,347.00 ,2.06 ,4.60 ,44.71 ,26.00 ,2/6/2020
34334.00 ,719.00 ,1903.00 ,31712.00 ,3532.00 ,85.00 ,485.00 ,2.09 ,5.54 ,37.78 ,26.00 ,2/7/2020
37068.00 ,806.00 ,2470.00 ,33792.00 ,2734.00 ,87.00 ,567.00 ,2.17 ,6.66 ,32.63 ,26.00 ,2/8/2020
40095.00 ,906.00 ,3057.00 ,36132.00 ,3027.00 ,100.00 ,587.00 ,2.26 ,7.62 ,29.64 ,26.00 ,2/9/2020
42633.00 ,1013.00 ,3714.00 ,37906.00 ,2538.00 ,107.00 ,657.00 ,2.38 ,8.71 ,27.28 ,26.00 ,2/10/2020
44675.00 ,1113.00 ,4417.00 ,39145.00 ,2042.00 ,100.00 ,703.00 ,2.49 ,9.89 ,25.20 ,26.00 ,2/11/2020
46561.00 ,1118.00 ,4849.00 ,40594.00 ,1886.00 ,5.00 ,432.00 ,2.40 ,10.41 ,23.06 ,26.00 ,2/12/2020
60206.00 ,1371.00 ,5930.00 ,52905.00 ,13645.00 ,253.00 ,1081.00 ,2.28 ,9.85 ,23.12 ,26.00 ,2/13/2020
66690.00 ,1523.00 ,7613.00 ,57554.00 ,6484.00 ,152.00 ,1683.00 ,2.28 ,11.42 ,20.01 ,27.00 ,2/14/2020
68765.00 ,1666.00 ,8902.00 ,58197.00 ,2075.00 ,143.00 ,1289.00 ,2.42 ,12.95 ,18.71 ,27.00 ,2/15/2020
70879.00 ,1770.00 ,10319.00 ,58790.00 ,2114.00 ,104.00 ,1417.00 ,2.50 ,14.56 ,17.15 ,27.00 ,2/16/2020
72815.00 ,1868.00 ,11951.00 ,58996.00 ,1936.00 ,98.00 ,1632.00 ,2.57 ,16.41 ,15.63 ,27.00 ,2/17/2020
74609.00 ,2008.00 ,13693.00 ,58908.00 ,1794.00 ,140.00 ,1742.00 ,2.69 ,18.35 ,14.66 ,27.00 ,2/18/2020
75030.00 ,2123.00 ,15394.00 ,57513.00 ,421.00 ,115.00 ,1701.00 ,2.83 ,20.52 ,13.79 ,28.00 ,2/19/2020
75577.00 ,2246.00 ,17369.00 ,55962.00 ,547.00 ,123.00 ,1975.00 ,2.97 ,22.98 ,12.93 ,28.00 ,2/20/2020
76206.00 ,2250.00 ,17966.00 ,55990.00 ,629.00 ,4.00 ,597.00 ,2.95 ,23.58 ,12.52 ,30.00 ,2/21/2020
77967.00 ,2457.00 ,21849.00 ,53661.00 ,1761.00 ,207.00 ,3883.00 ,3.15 ,28.02 ,11.25 ,30.00 ,2/22/2020
78290.00 ,2467.00 ,22304.00 ,53519.00 ,323.00 ,10.00 ,455.00 ,3.15 ,28.49 ,11.06 ,31.00 ,2/23/2020
78854.00 ,2627.00 ,24047.00 ,52180.00 ,564.00 ,160.00 ,1743.00 ,3.33 ,30.50 ,10.92 ,36.00 ,2/24/2020
79707.00 ,2707.00 ,26652.00 ,50348.00 ,853.00 ,80.00 ,2605.00 ,3.40 ,33.44 ,10.16 ,41.00 ,2/25/2020
80670.00 ,2767.00 ,29077.00 ,48826.00 ,963.00 ,60.00 ,2425.00 ,3.43 ,36.04 ,9.52 ,47.00 ,2/26/2020
82034.00 ,2810.00 ,31919.00 ,47305.00 ,1364.00 ,43.00 ,2842.00 ,3.43 ,38.91 ,8.80 ,51.00 ,2/27/2020
83411.00 ,2867.00 ,35306.00 ,45238.00 ,1377.00 ,57.00 ,3387.00 ,3.44 ,42.33 ,8.12 ,57.00 ,2/28/2020
85306.00 ,2936.00 ,38314.00 ,44056.00 ,1895.00 ,69.00 ,3008.00 ,3.44 ,44.91 ,7.66 ,61.00 ,2/29/2020
87690.00 ,2990.00 ,41208.00 ,43492.00 ,2384.00 ,54.00 ,2894.00 ,3.41 ,46.99 ,7.26 ,66.00 ,3/1/2020
89664.00 ,3079.00 ,44085.00 ,42500.00 ,1974.00 ,89.00 ,2877.00 ,3.43 ,49.17 ,6.98 ,73.00 ,3/2/2020
92241.00 ,3154.00 ,46681.00 ,42406.00 ,2577.00 ,75.00 ,2596.00 ,3.42 ,50.61 ,6.76 ,76.00 ,3/3/2020
94540.00 ,3249.00 ,49619.00 ,41672.00 ,2299.00 ,95.00 ,2938.00 ,3.44 ,52.48 ,6.55 ,80.00 ,3/4/2020
97331.00 ,3342.00 ,52237.00 ,41752.00 ,2791.00 ,93.00 ,2618.00 ,3.43 ,53.67 ,6.40 ,84.00 ,3/5/2020
101274.00 ,3454.00 ,54270.00 ,43550.00 ,3943.00 ,112.00 ,2033.00 ,3.41 ,53.59 ,6.36 ,93.00 ,3/6/2020
105312.00 ,3553.00 ,56760.00 ,44999.00 ,4038.00 ,99.00 ,2490.00 ,3.37 ,53.90 ,6.26 ,94.00 ,3/7/2020
109266.00 ,3797.00 ,59092.00 ,46377.00 ,3954.00 ,244.00 ,2332.00 ,3.48 ,54.08 ,6.43 ,99.00 ,3/8/2020
113166.00 ,3981.00 ,60891.00 ,48294.00 ,3900.00 ,184.00 ,1799.00 ,3.52 ,53.81 ,6.54 ,102.00 ,3/9/2020
118190.00 ,4260.00 ,62802.00 ,51128.00 ,5024.00 ,279.00 ,1911.00 ,3.60 ,53.14 ,6.78 ,105.00 ,3/10/2020
125853.00 ,4604.00 ,65113.00 ,56136.00 ,7663.00 ,344.00 ,2311.00 ,3.66 ,51.74 ,7.07 ,111.00 ,3/11/2020
131603.00 ,4909.00 ,66434.00 ,60260.00 ,5750.00 ,305.00 ,1321.00 ,3.73 ,50.48 ,7.39 ,113.00 ,3/12/2020
146008.00 ,5406.00 ,68359.00 ,72243.00 ,14405.00 ,497.00 ,1925.00 ,3.70 ,46.82 ,7.91 ,120.00 ,3/13/2020
157114.00 ,5823.00 ,70729.00 ,80562.00 ,11106.00 ,417.00 ,2370.00 ,3.71 ,45.02 ,8.23 ,133.00 ,3/14/2020
168260.00 ,6464.00 ,74139.00 ,87657.00 ,11146.00 ,641.00 ,3410.00 ,3.84 ,44.06 ,8.72 ,137.00 ,3/15/2020
182919.00 ,7144.00 ,76192.00 ,99583.00 ,14659.00 ,680.00 ,2053.00 ,3.91 ,41.65 ,9.38 ,143.00 ,3/16/2020
198757.00 ,7948.00 ,78944.00 ,111865.00 ,15838.00 ,804.00 ,2752.00 ,4.00 ,39.72 ,10.07 ,146.00 ,3/17/2020
218343.00 ,8845.00 ,81427.00 ,128071.00 ,19586.00 ,897.00 ,2483.00 ,4.05 ,37.29 ,10.86 ,150.00 ,3/18/2020
246261.00 ,9951.00 ,83064.00 ,153246.00 ,27918.00 ,1106.00 ,1637.00 ,4.04 ,33.73 ,11.98 ,154.00 ,3/19/2020
275869.00 ,11429.00 ,85509.00 ,178931.00 ,29608.00 ,1478.00 ,2445.00 ,4.14 ,31.00 ,13.37 ,161.00 ,3/20/2020
308175.00 ,13134.00 ,89775.00 ,205266.00 ,32306.00 ,1705.00 ,4266.00 ,4.26 ,29.13 ,14.63 ,163.00 ,3/21/2020
341585.00 ,14831.00 ,95990.00 ,230764.00 ,33410.00 ,1697.00 ,6215.00 ,4.34 ,28.10 ,15.45 ,168.00 ,3/22/2020
383750.00 ,16748.00 ,96456.00 ,270546.00 ,42165.00 ,1917.00 ,466.00 ,4.36 ,25.14 ,17.36 ,169.00 ,3/23/2020
424889.00 ,19016.00 ,105997.00 ,299876.00 ,41154.00 ,2268.00 ,9541.00 ,4.48 ,24.95 ,17.94 ,171.00 ,3/24/2020
475706.00 ,21793.00 ,111445.00 ,342468.00 ,50817.00 ,2777.00 ,5448.00 ,4.58 ,23.43 ,19.55 ,174.00 ,3/25/2020
538666.00 ,24800.00 ,119804.00 ,394062.00 ,62960.00 ,3007.00 ,8359.00 ,4.60 ,22.24 ,20.70 ,175.00 ,3/26/2020
603066.00 ,28318.00 ,128508.00 ,446240.00 ,64400.00 ,3518.00 ,8704.00 ,4.70 ,21.31 ,22.04 ,176.00 ,3/27/2020
670723.00 ,31997.00 ,136800.00 ,501926.00 ,67657.00 ,3679.00 ,8292.00 ,4.77 ,20.40 ,23.39 ,176.00 ,3/28/2020
730300.00 ,35470.00 ,146261.00 ,548569.00 ,59577.00 ,3473.00 ,9461.00 ,4.86 ,20.03 ,24.25 ,176.00 ,3/29/2020
794939.00 ,39634.00 ,161707.00 ,593598.00 ,64639.00 ,4164.00 ,15446.00 ,4.99 ,20.34 ,24.51 ,177.00 ,3/30/2020
871355.00 ,44478.00 ,174074.00 ,652803.00 ,76416.00 ,4844.00 ,12367.00 ,5.10 ,19.98 ,25.55 ,179.00 ,3/31/2020
947569.00 ,50029.00 ,189434.00 ,708106.00 ,76214.00 ,5551.00 ,15360.00 ,5.28 ,19.99 ,26.41 ,179.00 ,4/1/2020
1028968.00 ,56334.00 ,206052.00 ,766582.00 ,81399.00 ,6305.00 ,16618.00 ,5.47 ,20.03 ,27.34 ,180.00 ,4/2/2020
1112123.00 ,62319.00 ,221060.00 ,828744.00 ,83155.00 ,5985.00 ,15008.00 ,5.60 ,19.88 ,28.19 ,180.00 ,4/3/2020
1192586.00 ,68160.00 ,241072.00 ,883354.00 ,80463.00 ,5841.00 ,20012.00 ,5.72 ,20.21 ,28.27 ,180.00 ,4/4/2020
1264304.00 ,73181.00 ,254477.00 ,936646.00 ,71718.00 ,5021.00 ,13405.00 ,5.79 ,20.13 ,28.76 ,182.00 ,4/5/2020
1336976.00 ,79013.00 ,270812.00 ,987151.00 ,72672.00 ,5832.00 ,16335.00 ,5.91 ,20.26 ,29.18 ,183.00 ,4/6/2020
1413849.00 ,86915.00 ,293665.00 ,1033269.00 ,76873.00 ,7902.00 ,22853.00 ,6.15 ,20.77 ,29.60 ,183.00 ,4/7/2020
1497624.00 ,93650.00 ,322017.00 ,1081957.00 ,83775.00 ,6735.00 ,28352.00 ,6.25 ,21.50 ,29.08 ,183.00 ,4/8/2020
1584249.00 ,101279.00 ,346349.00 ,1136621.00 ,86625.00 ,7629.00 ,24332.00 ,6.39 ,21.86 ,29.24 ,183.00 ,4/9/2020
1671907.00 ,108551.00 ,367477.00 ,1195879.00 ,87658.00 ,7272.00 ,21128.00 ,6.49 ,21.98 ,29.54 ,184.00 ,4/10/2020
1748872.00 ,114620.00 ,392991.00 ,1241261.00 ,76965.00 ,6069.00 ,25514.00 ,6.55 ,22.47 ,29.17 ,184.00 ,4/11/2020
1845653.00 ,120351.00 ,411864.00 ,1313438.00 ,96802.00 ,5731.00 ,18873.00 ,6.52 ,22.32 ,29.22 ,184.00 ,4/12/2020
1915247.00 ,126098.00 ,438395.00 ,1350754.00 ,69594.00 ,5747.00 ,26531.00 ,6.58 ,22.89 ,28.76 ,184.00 ,4/13/2020
1985174.00 ,132996.00 ,463014.00 ,1389164.00 ,69927.00 ,6898.00 ,24619.00 ,6.70 ,23.32 ,28.72 ,184.00 ,4/14/2020
2066003.00 ,141308.00 ,498925.00 ,1425770.00 ,80829.00 ,8312.00 ,35911.00 ,6.84 ,24.15 ,28.32 ,184.00 ,4/15/2020
2162715.00 ,148591.00 ,529015.00 ,1485109.00 ,96712.00 ,7283.00 ,30090.00 ,6.87 ,24.46 ,28.09 ,184.00 ,4/16/2020
2250439.00 ,157481.00 ,554287.00 ,1538671.00 ,87724.00 ,8890.00 ,25272.00 ,7.00 ,24.63 ,28.41 ,184.00 ,4/17/2020
2324396.00 ,163952.00 ,577789.00 ,1582655.00 ,73958.00 ,6471.00 ,23502.00 ,7.05 ,24.86 ,28.38 ,184.00 ,4/18/2020
2404919.00 ,168522.00 ,608557.00 ,1627840.00 ,80523.00 ,4570.00 ,30768.00 ,7.01 ,25.30 ,27.69 ,184.00 ,4/19/2020
2478258.00 ,173965.00 ,629862.00 ,1674431.00 ,73339.00 ,5443.00 ,21305.00 ,7.02 ,25.42 ,27.62 ,184.00 ,4/20/2020
2553508.00 ,181122.00 ,664043.00 ,1708343.00 ,75250.00 ,7157.00 ,34181.00 ,7.09 ,26.01 ,27.28 ,184.00 ,4/21/2020
2630314.00 ,187877.00 ,693207.00 ,1749230.00 ,78994.00 ,6755.00 ,29164.00 ,7.14 ,26.35 ,27.10 ,184.00 ,4/22/2020
2719327.00 ,194727.00 ,721689.00 ,1802911.00 ,89013.00 ,6850.00 ,28482.00 ,7.16 ,26.54 ,26.98 ,184.00 ,4/23/2020
2806267.00 ,201401.00 ,771329.00 ,1833537.00 ,96974.00 ,6674.00 ,49640.00 ,7.18 ,27.49 ,26.11 ,184.00 ,4/24/2020
2891199.00 ,206979.00 ,798239.00 ,1885981.00 ,84932.00 ,5578.00 ,26910.00 ,7.16 ,27.61 ,25.93 ,184.00 ,4/25/2020
2964146.00 ,210862.00 ,825969.00 ,1927315.00 ,72948.00 ,3883.00 ,27730.00 ,7.11 ,27.87 ,25.53 ,184.00 ,4/26/2020
3032850.00 ,215511.00 ,852382.00 ,1964957.00 ,68704.00 ,4649.00 ,26413.00 ,7.11 ,28.10 ,25.28 ,184.00 ,4/27/2020
3108149.00 ,221974.00 ,884680.00 ,2001495.00 ,75404.00 ,6463.00 ,32298.00 ,7.14 ,28.46 ,25.09 ,184.00 ,4/28/2020
3185195.00 ,228742.00 ,925752.00 ,2030701.00 ,79558.00 ,6768.00 ,41072.00 ,7.18 ,29.06 ,24.71 ,184.00 ,4/29/2020
3268876.00 ,234704.00 ,989616.00 ,2044556.00 ,83681.00 ,5962.00 ,63864.00 ,7.18 ,30.27 ,23.72 ,186.00 ,4/30/2020
3355922.00 ,239881.00 ,1026501.00 ,2089540.00 ,87046.00 ,5177.00 ,36885.00 ,7.15 ,30.59 ,23.37 ,186.00 ,5/1/2020
3437608.00 ,245206.00 ,1066362.00 ,2126040.00 ,81853.00 ,5325.00 ,39861.00 ,7.13 ,31.02 ,22.99 ,186.00 ,5/2/2020
3515244.00 ,248659.00 ,1097577.00 ,2169008.00 ,77636.00 ,3453.00 ,31215.00 ,7.07 ,31.22 ,22.66 ,186.00 ,5/3/2020
3591321.00 ,252787.00 ,1130526.00 ,2208008.00 ,76078.00 ,4128.00 ,32949.00 ,7.04 ,31.48 ,22.36 ,186.00 ,5/4/2020
3671310.00 ,258658.00 ,1166155.00 ,2246497.00 ,79989.00 ,5871.00 ,35629.00 ,7.05 ,31.76 ,22.18 ,186.00 ,5/5/2020
3761332.00 ,265327.00 ,1210894.00 ,2285111.00 ,90022.00 ,6669.00 ,44739.00 ,7.05 ,32.19 ,21.91 ,186.00 ,5/6/2020
3850418.00 ,270736.00 ,1249311.00 ,2330371.00 ,90669.00 ,5409.00 ,38417.00 ,7.03 ,32.45 ,21.67 ,186.00 ,5/7/2020
3941935.00 ,276304.00 ,1284849.00 ,2380782.00 ,92997.00 ,5568.00 ,35538.00 ,7.01 ,32.59 ,21.50 ,186.00 ,5/8/2020
4027781.00 ,280569.00 ,1337367.00 ,2409845.00 ,85846.00 ,4265.00 ,52518.00 ,6.97 ,33.20 ,20.98 ,186.00 ,5/9/2020
4104027.00 ,284135.00 ,1370108.00 ,2449784.00 ,76255.00 ,3566.00 ,32741.00 ,6.92 ,33.38 ,20.74 ,186.00 ,5/10/2020
4180268.00 ,287608.00 ,1416204.00 ,2476456.00 ,76298.00 ,3473.00 ,46096.00 ,6.88 ,33.88 ,20.31 ,186.00 ,5/11/2020
4263867.00 ,293155.00 ,1452191.00 ,2518521.00 ,83619.00 ,5547.00 ,35987.00 ,6.88 ,34.06 ,20.19 ,186.00 ,5/12/2020
4348619.00 ,298383.00 ,1506905.00 ,2543331.00 ,84917.00 ,5228.00 ,54714.00 ,6.86 ,34.65 ,19.80 ,187.00 ,5/13/2020
4445724.00 ,303651.00 ,1545712.00 ,2596361.00 ,97106.00 ,5268.00 ,38807.00 ,6.83 ,34.77 ,19.64 ,187.00 ,5/14/2020
4542073.00 ,308866.00 ,1592880.00 ,2640327.00 ,96349.00 ,5215.00 ,47168.00 ,6.80 ,35.07 ,19.39 ,187.00 ,5/15/2020
4637485.00 ,313037.00 ,1648546.00 ,2675902.00 ,95412.00 ,4171.00 ,55666.00 ,6.75 ,35.55 ,18.99 ,187.00 ,5/16/2020
4715994.00 ,316366.00 ,1688699.00 ,2710929.00 ,78509.00 ,3329.00 ,40153.00 ,6.71 ,35.81 ,18.73 ,187.00 ,5/17/2020
4804278.00 ,319657.00 ,1740909.00 ,2743712.00 ,88284.00 ,3291.00 ,52210.00 ,6.65 ,36.24 ,18.36 ,187.00 ,5/18/2020
4900702.00 ,324441.00 ,1792256.00 ,2784005.00 ,96633.00 ,4784.00 ,51347.00 ,6.62 ,36.57 ,18.10 ,187.00 ,5/19/2020
5003730.00 ,329326.00 ,1850441.00 ,2823963.00 ,103028.00 ,4885.00 ,58185.00 ,6.58 ,36.98 ,17.80 ,187.00 ,5/20/2020
5110064.00 ,334112.00 ,1900768.00 ,2875184.00 ,106438.00 ,4786.00 ,50327.00 ,6.54 ,37.20 ,17.58 ,187.00 ,5/21/2020
5216964.00 ,339396.00 ,2008541.00 ,2869027.00 ,106900.00 ,5284.00 ,107773.00 ,6.51 ,38.50 ,16.90 ,187.00 ,5/22/2020
5322253.00 ,343385.00 ,2062802.00 ,2916066.00 ,105289.00 ,3989.00 ,54261.00 ,6.45 ,38.76 ,16.65 ,187.00 ,5/23/2020
5417579.00 ,346525.00 ,2117555.00 ,2953499.00 ,95326.00 ,3140.00 ,54753.00 ,6.40 ,39.09 ,16.36 ,187.00 ,5/24/2020
5504542.00 ,347703.00 ,2180605.00 ,2976234.00 ,87335.00 ,1178.00 ,63050.00 ,6.32 ,39.61 ,15.95 ,187.00 ,5/25/2020
5597064.00 ,351906.00 ,2235118.00 ,3010040.00 ,92742.00 ,4203.00 ,54513.00 ,6.29 ,39.93 ,15.74 ,187.00 ,5/26/2020
5699664.00 ,357119.00 ,2297613.00 ,3044932.00 ,102600.00 ,5213.00 ,62495.00 ,6.27 ,40.31 ,15.54 ,187.00 ,5/27/2020
5818978.00 ,361820.00 ,2363746.00 ,3093412.00 ,119314.00 ,4701.00 ,66133.00 ,6.22 ,40.62 ,15.31 ,187.00 ,5/28/2020
5940145.00 ,366562.00 ,2440127.00 ,3133456.00 ,121167.00 ,4742.00 ,76381.00 ,6.17 ,41.08 ,15.02 ,187.00 ,5/29/2020
6077978.00 ,370718.00 ,2509981.00 ,3197279.00 ,137833.00 ,4156.00 ,69854.00 ,6.10 ,41.30 ,14.77 ,187.00 ,5/30/2020
6185530.00 ,373606.00 ,2585589.00 ,3226335.00 ,107552.00 ,2888.00 ,75608.00 ,6.04 ,41.80 ,14.45 ,187.00 ,5/31/2020
6280725.00 ,376674.00 ,2639599.00 ,3264452.00 ,95195.00 ,3068.00 ,54010.00 ,6.00 ,42.03 ,14.27 ,187.00 ,6/1/2020
6401536.00 ,381497.00 ,2743083.00 ,3276956.00 ,121577.00 ,4823.00 ,103484.00 ,5.96 ,42.85 ,13.91 ,187.00 ,6/2/2020
6520924.00 ,387069.00 ,2821430.00 ,3312425.00 ,119389.00 ,5572.00 ,78347.00 ,5.94 ,43.27 ,13.72 ,187.00 ,6/3/2020
6647861.00 ,392218.00 ,2890776.00 ,3364867.00 ,126937.00 ,5149.00 ,69346.00 ,5.90 ,43.48 ,13.57 ,187.00 ,6/4/2020
6778724.00 ,396994.00 ,2959037.00 ,3422693.00 ,130863.00 ,4776.00 ,68261.00 ,5.86 ,43.65 ,13.42 ,187.00 ,6/5/2020
6914666.00 ,400875.00 ,3030214.00 ,3483577.00 ,135942.00 ,3881.00 ,71177.00 ,5.80 ,43.82 ,13.23 ,187.00 ,6/6/2020
7026925.00 ,403617.00 ,3084718.00 ,3538590.00 ,112259.00 ,2742.00 ,54504.00 ,5.74 ,43.90 ,13.08 ,187.00 ,6/7/2020
7129150.00 ,407314.00 ,3235640.00 ,3486196.00 ,102225.00 ,3697.00 ,150922.00 ,5.71 ,45.39 ,12.59 ,187.00 ,6/8/2020
7253492.00 ,412236.00 ,3317121.00 ,3524135.00 ,124342.00 ,4922.00 ,81481.00 ,5.68 ,45.73 ,12.43 ,187.00 ,6/9/2020
7387517.00 ,417441.00 ,3395154.00 ,3574922.00 ,134025.00 ,5205.00 ,78033.00 ,5.65 ,45.96 ,12.30 ,187.00 ,6/10/2020
7525631.00 ,422215.00 ,3480121.00 ,3623295.00 ,138114.00 ,4774.00 ,84967.00 ,5.61 ,46.24 ,12.13 ,187.00 ,6/11/2020
7654725.00 ,426512.00 ,3558933.00 ,3669280.00 ,129094.00 ,4297.00 ,78812.00 ,5.57 ,46.49 ,11.98 ,187.00 ,6/12/2020
7790735.00 ,430750.00 ,3644048.00 ,3715937.00 ,136010.00 ,4238.00 ,85115.00 ,5.53 ,46.77 ,11.82 ,187.00 ,6/13/2020
7924156.00 ,434124.00 ,3714006.00 ,3776026.00 ,133421.00 ,3374.00 ,69958.00 ,5.48 ,46.87 ,11.69 ,187.00 ,6/14/2020
8043794.00 ,437549.00 ,3793406.00 ,3812839.00 ,119638.00 ,3425.00 ,79400.00 ,5.44 ,47.16 ,11.53 ,187.00 ,6/15/2020
8185197.00 ,444416.00 ,3890800.00 ,3849981.00 ,141403.00 ,6867.00 ,97394.00 ,5.43 ,47.53 ,11.42 ,187.00 ,6/16/2020
8327050.00 ,449671.00 ,4008201.00 ,3869178.00 ,141853.00 ,5255.00 ,117401.00 ,5.40 ,48.13 ,11.22 ,187.00 ,6/17/2020
8466978.00 ,454700.00 ,4088826.00 ,3923452.00 ,139928.00 ,5029.00 ,80625.00 ,5.37 ,48.29 ,11.12 ,187.00 ,6/18/2020
8647784.00 ,460973.00 ,4183298.00 ,4003513.00 ,180954.00 ,6273.00 ,94472.00 ,5.33 ,48.37 ,11.02 ,187.00 ,6/19/2020
8805336.00 ,465222.00 ,4298603.00 ,4041511.00 ,157552.00 ,4249.00 ,115305.00 ,5.28 ,48.82 ,10.82 ,187.00 ,6/20/2020
8933875.00 ,469185.00 ,4366875.00 ,4097815.00 ,128539.00 ,3963.00 ,68272.00 ,5.25 ,48.88 ,10.74 ,187.00 ,6/21/2020
9071733.00 ,472756.00 ,4458093.00 ,4140884.00 ,137858.00 ,3571.00 ,91218.00 ,5.21 ,49.14 ,10.60 ,187.00 ,6/22/2020
9237071.00 ,478067.00 ,4561696.00 ,4197308.00 ,165338.00 ,5311.00 ,103603.00 ,5.18 ,49.38 ,10.48 ,187.00 ,6/23/2020
9408254.00 ,483328.00 ,4677005.00 ,4247921.00 ,171183.00 ,5261.00 ,115309.00 ,5.14 ,49.71 ,10.33 ,187.00 ,6/24/2020
9586141.00 ,489955.00 ,4769458.00 ,4326728.00 ,177887.00 ,6627.00 ,92453.00 ,5.11 ,49.75 ,10.27 ,187.00 ,6/25/2020
9777487.00 ,494782.00 ,4875774.00 ,4406931.00 ,191346.00 ,4827.00 ,106316.00 ,5.06 ,49.87 ,10.15 ,187.00 ,6/26/2020
9955597.00 ,499268.00 ,4981808.00 ,4474521.00 ,178110.00 ,4486.00 ,106034.00 ,5.01 ,50.04 ,10.02 ,187.00 ,6/27/2020
10117227.00 ,502357.00 ,5070592.00 ,4544278.00 ,162349.00 ,3089.00 ,88784.00 ,4.97 ,50.12 ,9.91 ,187.00 ,6/28/2020
10275799.00 ,506078.00 ,5164494.00 ,4605227.00 ,158572.00 ,3721.00 ,93902.00 ,4.92 ,50.26 ,9.80 ,187.00 ,6/29/2020
10449697.00 ,511210.00 ,5281459.00 ,4657028.00 ,173898.00 ,5132.00 ,116965.00 ,4.89 ,50.54 ,9.68 ,187.00 ,6/30/2020
10667386.00 ,516221.00 ,5397083.00 ,4754082.00 ,217689.00 ,5011.00 ,115624.00 ,4.84 ,50.59 ,9.56 ,187.00 ,7/1/2020
10875091.00 ,521341.00 ,5681477.00 ,4672273.00 ,207705.00 ,5120.00 ,284394.00 ,4.79 ,52.24 ,9.18 ,187.00 ,7/2/2020
11078585.00 ,526336.00 ,5790942.00 ,4761307.00 ,203495.00 ,4995.00 ,109465.00 ,4.75 ,52.27 ,9.09 ,187.00 ,7/3/2020
11272152.00 ,530705.00 ,5986375.00 ,4755072.00 ,193567.00 ,4369.00 ,195433.00 ,4.71 ,53.11 ,8.87 ,187.00 ,7/4/2020
11454847.00 ,534150.00 ,6105546.00 ,4815151.00 ,182695.00 ,3445.00 ,119171.00 ,4.66 ,53.30 ,8.75 ,187.00 ,7/5/2020
11622190.00 ,537947.00 ,6228768.00 ,4855475.00 ,167343.00 ,3797.00 ,123222.00 ,4.63 ,53.59 ,8.64 ,187.00 ,7/6/2020
11833034.00 ,544054.00 ,6373513.00 ,4915467.00 ,210844.00 ,6107.00 ,144745.00 ,4.60 ,53.86 ,8.54 ,187.00 ,7/7/2020
12044836.00 ,549373.00 ,6531016.00 ,4964447.00 ,211802.00 ,5319.00 ,157503.00 ,4.56 ,54.22 ,8.41 ,187.00 ,7/8/2020
12273063.00 ,554831.00 ,6665237.00 ,5052995.00 ,228227.00 ,5458.00 ,134221.00 ,4.52 ,54.31 ,8.32 ,187.00 ,7/9/2020
12505640.00 ,560142.00 ,6804254.00 ,5141244.00 ,232577.00 ,5311.00 ,139017.00 ,4.48 ,54.41 ,8.23 ,187.00 ,7/10/2020
12721968.00 ,565039.00 ,6929711.00 ,5227218.00 ,216328.00 ,4897.00 ,125457.00 ,4.44 ,54.47 ,8.15 ,187.00 ,7/11/2020
12914636.00 ,568993.00 ,7041174.00 ,5304469.00 ,192668.00 ,3954.00 ,111463.00 ,4.41 ,54.52 ,8.08 ,187.00 ,7/12/2020
13107415.00 ,572808.00 ,7181139.00 ,5353468.00 ,192779.00 ,3815.00 ,139965.00 ,4.37 ,54.79 ,7.98 ,187.00 ,7/13/2020
13328867.00 ,578468.00 ,7322897.00 ,5427502.00 ,221452.00 ,5660.00 ,141758.00 ,4.34 ,54.94 ,7.90 ,187.00 ,7/14/2020
13559984.00 ,583961.00 ,7482320.00 ,5493703.00 ,231122.00 ,5493.00 ,159423.00 ,4.31 ,55.18 ,7.80 ,187.00 ,7/15/2020
13812525.00 ,589760.00 ,7634241.00 ,5588524.00 ,252544.00 ,5799.00 ,151921.00 ,4.27 ,55.27 ,7.73 ,187.00 ,7/16/2020
14054563.00 ,596503.00 ,7793760.00 ,5664300.00 ,242038.00 ,6743.00 ,159519.00 ,4.24 ,55.45 ,7.65 ,187.00 ,7/17/2020
14292198.00 ,602130.00 ,7944550.00 ,5745518.00 ,237635.00 ,5627.00 ,150790.00 ,4.21 ,55.59 ,7.58 ,187.00 ,7/18/2020
14506845.00 ,606159.00 ,8032235.00 ,5868451.00 ,214647.00 ,4029.00 ,87685.00 ,4.18 ,55.37 ,7.55 ,187.00 ,7/19/2020
14713623.00 ,610319.00 ,8190777.00 ,5912527.00 ,206778.00 ,4160.00 ,158542.00 ,4.15 ,55.67 ,7.45 ,187.00 ,7/20/2020
14947078.00 ,616557.00 ,8364986.00 ,5965535.00 ,233565.00 ,6238.00 ,174209.00 ,4.12 ,55.96 ,7.37 ,187.00 ,7/21/2020
15227725.00 ,623540.00 ,8541255.00 ,6062930.00 ,280647.00 ,6983.00 ,176269.00 ,4.09 ,56.09 ,7.30 ,187.00 ,7/22/2020
15510481.00 ,633506.00 ,8710969.00 ,6166006.00 ,282756.00 ,9966.00 ,169714.00 ,4.08 ,56.16 ,7.27 ,187.00 ,7/23/2020
15791645.00 ,639650.00 ,8939705.00 ,6212290.00 ,281164.00 ,6144.00 ,228736.00 ,4.05 ,56.61 ,7.16 ,187.00 ,7/24/2020
16047190.00 ,644517.00 ,9158743.00 ,6243930.00 ,255545.00 ,4867.00 ,219038.00 ,4.02 ,57.07 ,7.04 ,187.00 ,7/25/2020
16251796.00 ,648621.00 ,9293464.00 ,6309711.00 ,204606.00 ,4104.00 ,134721.00 ,3.99 ,57.18 ,6.98 ,187.00 ,7/26/2020
16480485.00 ,654036.00 ,9468087.00 ,6358362.00 ,228693.00 ,5415.00 ,174623.00 ,3.97 ,57.45 ,6.91 ,187.00 ,7/27/2020
